Table 4,_unnamed,_unnamed_2,_unnamed_3,_unnamed_4,_unnamed_5,_unnamed_6,_unnamed_7,_unnamed_8,_unnamed_9,_unnamed_10,_unnamed_11,_unnamed_12,_unnamed_13,_unnamed_14,_unnamed_15,_unnamed_16,_unnamed_17,_unnamed_18,_unnamed_19,_unnamed_20,_unnamed_21,_unnamed_22,_unnamed_23,_unnamed_24,_unnamed_25
Crime in the United States,,,, , , , , , , ,,,,,,,,,,,,,,,
"by Region, Geographic Division, and State, 2012–2013",,,,,, ,, ,,,,,,,,,,,,,,,,,
Area,Year,Population1,Violent crime2,,"Murder and
 nonnegligent
manslaughter",,"Rape
(revised definition)3",,"Rape
(legacy definition)4",,Robbery,,Aggravated assault,,Property crime,,Burglary,,Larceny-theft,,Motor vehicle theft,,,,
,,,Number,"Rate per 
100,000",Number,"Rate per 
100,000",Number,"Rate per 
100,000",Number,"Rate per 
100,000",Number,"Rate per 
100,000",Number,"Rate per 
100,000",Number,"Rate per 
100,000",Number,"Rate per 
100,000",Number,"Rate per 
100,000",Number,"Rate per 
100,000",﻿,, 
,,,,,,,,,,,,,,,,,,,,,,,﻿,,
"United States Total5,6,7,8,9",2012.0,313873685.0,1217067.0,387.8,14866.0,4.7,,,85141.0,27.1,355051.0,113.1,762009.0,242.8,9001992.0,2868.0,2109932.0,672.2,6168874.0,1965.4,723186.0,230.4,, ,
,2013.0,316128839.0,1163146.0,367.9,14196.0,4.5,108612.0,34.4,79770.0,25.2,345031.0,109.1,724149.0,229.1,8632512.0,2730.7,1928465.0,610.0,6004453.0,1899.4,699594.0,221.3,,,
,Percent change,,-4.4,-5.1,-4.5,-5.2,,,-6.3,-7.0,-2.8,-3.5,-5.0,-5.6,-4.1,-4.8,-8.6,-9.3,-2.7,-3.4,-3.3,-4.0,,,
"Northeast5,6,7,8",2012.0,55771792.0,195891.0,351.2,2101.0,3.8,,,11107.0,19.9,67737.0,121.5,114946.0,206.1,1161969.0,2083.4,236761.0,424.5,855437.0,1533.8,69771.0,125.1,,,
,2013.0,55943073.0,187464.0,335.1,1953.0,3.5,13623.0,24.4,10054.0,18.0,66062.0,118.1,109395.0,195.5,1096709.0,1960.4,208315.0,372.4,825630.0,1475.8,62764.0,112.2,,,
,Percent change,,-4.3,-4.6,-7.0,-7.3,,,-9.5,-9.8,-2.5,-2.8,-4.8,-5.1,-5.6,-5.9,-12.0,-12.3,-3.5,-3.8,-10.0,-10.3,, ,
"New England5,6,7,8",2012.0,14563443.0,45245.0,310.7,323.0,2.2,,,3864.0,26.5,11984.0,82.3,29074.0,199.6,328658.0,2256.7,72994.0,501.2,234804.0,1612.3,20860.0,143.2,,,
,2013.0,14618806.0,43740.0,299.2,310.0,2.1,5376.0,36.8,3978.0,27.2,11977.0,81.9,27475.0,187.9,307315.0,2102.2,63966.0,437.6,223584.0,1529.4,19765.0,135.2,,,
,Percent change, ,-3.3,-3.7,-4.0,-4.4,,,3.0,2.6,-0.1,-0.4,-5.5,-5.9,-6.5,-6.8,-12.4,-12.7,-4.8,-5.1,-5.2,-5.6,,,
     Connecticut6,2012.0,3591765.0,10183.0,283.5,117.0,3.3,,,933.0,26.0,3709.0,103.3,5424.0,151.0,77169.0,2148.5,14787.0,411.7,55904.0,1556.4,6478.0,180.4,,,
,2013.0,3596080.0,9153.0,254.5,86.0,2.4,955.0,26.6,668.0,18.6,3530.0,98.2,4869.0,135.4,70990.0,1974.1,12892.0,358.5,51876.0,1442.6,6222.0,173.0,,,
,Percent change,,-10.1,-10.2,-26.5,-26.6,,,-28.4,-28.5,-4.8,-4.9,-10.2,-10.3,-8.0,-8.1,-12.8,-12.9,-7.2,-7.3,-4.0,-4.1,,,
"     Maine6,8",2012.0,1328501.0,1626.0,122.4,26.0,2.0,,,372.0,28.0,420.0,31.6,808.0,60.8,33398.0,2514.0,7476.0,562.7,24931.0,1876.6,991.0,74.6,,,
,2013.0,1328302.0,1615.0,121.6,24.0,1.8,447.0,33.7,344.0,25.9,335.0,25.2,912.0,68.7,30447.0,2292.2,6483.0,488.1,23050.0,1735.3,914.0,68.8,,,
,Percent change,,-0.7,-0.7,-7.7,-7.7,,,-7.5,-7.5,-20.2,-20.2,12.9,12.9,-8.8,-8.8,-13.3,-13.3,-7.5,-7.5,-7.8,-7.8,,,
     Massachusetts6,2012.0,6645303.0,27047.0,407.0,121.0,1.8,,,1650.0,24.8,6555.0,98.6,18721.0,281.7,143325.0,2156.8,34635.0,521.2,99453.0,1496.6,9237.0,139.0,,,
,2013.0,6692824.0,27038.0,404.0,137.0,2.0,2718.0,40.6,2089.0,31.2,6706.0,100.2,18106.0,270.5,137285.0,2051.2,30735.0,459.2,97428.0,1455.7,9122.0,136.3,,,
,Percent change,,*,-0.7,13.2,12.4,,,26.6,25.7,2.3,1.6,-3.3,-4.0,-4.2,-4.9,-11.3,-11.9,-2.0,-2.7,-1.2,-1.9, ,,
     New Hampshire7,2012.0,1321617.0,2841.0,215.0,15.0,1.1,,,486.0,36.8,471.0,35.6,1869.0,141.4,32074.0,2426.9,5988.0,453.1,25024.0,1893.4,1062.0,80.4,,,
,2013.0,1323459.0,2642.0,199.6,22.0,1.7,686.0,51.8,479.0,36.2,649.0,49.0,1492.0,112.7,29040.0,2194.3,4936.0,373.0,23164.0,1750.3,940.0,71.0,,,
,Percent change,,-7.0,-7.1,46.7,46.5,,,-1.4,-1.6,37.8,37.6,-20.2,-20.3,-9.5,-9.6,-17.6,-17.7,-7.4,-7.6,-11.5,-11.6,,,
     Rhode Island7,2012.0,1050304.0,2657.0,253.0,36.0,3.4,,,292.0,27.8,715.0,68.1,1614.0,153.7,27039.0,2574.4,5929.0,564.5,18478.0,1759.3,2632.0,250.6,,,
,2013.0,1051511.0,2572.0,244.6,31.0,2.9,440.0,41.8,307.0,29.2,684.0,65.0,1550.0,147.4,25678.0,2442.0,5607.0,533.2,17838.0,1696.4,2233.0,212.4,,,
,Percent change, ,-3.2,-3.3,-13.9,-14.0,,,5.1,5.0,-4.3,-4.4,-4.0,-4.1,-5.0,-5.1,-5.4,-5.5,-3.5,-3.6,-15.2,-15.3,,,
     Vermont7,2012.0,625953.0,891.0,142.3,8.0,1.3,,,131.0,20.9,114.0,18.2,638.0,101.9,15653.0,2500.7,4179.0,667.6,11014.0,1759.6,460.0,73.5,,,
,2013.0,626630.0,720.0,114.9,10.0,1.6,130.0,20.7,91.0,14.5,73.0,11.6,546.0,87.1,13875.0,2214.2,3313.0,528.7,10228.0,1632.2,334.0,53.3,,,
,Percent change,,-19.2,-19.3,25.0,24.9,,,-30.5,-30.6,-36.0,-36.0,-14.4,-14.5,-11.4,-11.5,-20.7,-20.8,-7.1,-7.2,-27.4,-27.5,,,
"Middle Atlantic5,7,8",2012.0,41208349.0,150646.0,365.6,1778.0,4.3,,,7243.0,17.6,55753.0,135.3,85872.0,208.4,833311.0,2022.2,163767.0,397.4,620633.0,1506.1,48911.0,118.7,,,
,2013.0,41324267.0,143724.0,347.8,1643.0,4.0,8247.0,20.0,6076.0,14.7,54085.0,130.9,81920.0,198.2,789394.0,1910.2,144349.0,349.3,602046.0,1456.9,42999.0,104.1,,,
,Percent change,,-4.6,-4.9,-7.6,-7.9,,,-16.1,-16.3,-3.0,-3.3,-4.6,-4.9,-5.3,-5.5,-11.9,-12.1,-3.0,-3.3,-12.1,-12.3,,,
     New Jersey,2012.0,8867749.0,25727.0,290.1,388.0,4.4,,,1035.0,11.7,11385.0,128.4,12919.0,145.7,181481.0,2046.5,42338.0,477.4,122662.0,1383.2,16481.0,185.9,,,
,2013.0,8899339.0,25415.0,285.6,401.0,4.5,1120.0,12.6,861.0,9.7,12082.0,135.8,12071.0,135.6,167556.0,1882.8,35873.0,403.1,117936.0,1325.2,13747.0,154.5,,,
,Percent change,,-1.2,-1.6,3.4,3.0,,,-16.8,-17.1,6.1,5.7,-6.6,-6.9,-7.7,-8.0,-15.3,-15.6,-3.9,-4.2,-16.6,-16.9,,,
     New York,2012.0,19576125.0,79535.0,406.3,683.0,3.5,,,2837.0,14.5,28633.0,146.3,47382.0,242.0,375268.0,1917.0,64389.0,328.9,293562.0,1499.6,17317.0,88.5,,,
,2013.0,19651127.0,76596.0,389.8,648.0,3.3,3353.0,17.1,2577.0,13.1,27241.0,138.6,46130.0,234.7,358598.0,1824.8,56442.0,287.2,286674.0,1458.8,15482.0,78.8,,,
,Percent change, ,-3.7,-4.1,-5.1,-5.5,,,-9.2,-9.5,-4.9,-5.2,-2.6,-3.0,-4.4,-4.8,-12.3,-12.7,-2.3,-2.7,-10.6,-10.9,,,
"     Pennsylvania7,8",2012.0,12764475.0,45384.0,355.5,707.0,5.5,,,3371.0,26.4,15735.0,123.3,25571.0,200.3,276562.0,2166.7,57040.0,446.9,204409.0,1601.4,15113.0,118.4,,,
,2013.0,12773801.0,41713.0,326.6,594.0,4.7,3774.0,29.5,2638.0,20.7,14762.0,115.6,23719.0,185.7,263240.0,2060.8,52034.0,407.3,197436.0,1545.6,13770.0,107.8,,,
,Percent change,,-8.1,-8.2,-16.0,-16.0,,,-21.7,-21.8,-6.2,-6.3,-7.2,-7.3,-4.8,-4.9,-8.8,-8.8,-3.4,-3.5,-8.9,-9.0,,,
"Midwest5,6,7,8",2012.0,67321425.0,239436.0,355.7,3148.0,4.7,,,21678.0,32.2,69716.0,103.6,144894.0,215.2,1873378.0,2782.7,436009.0,647.7,1302359.0,1934.5,135010.0,200.5,,,
,2013.0,67547890.0,225227.0,333.4,3042.0,4.5,26929.0,39.9,19437.0,28.8,66945.0,99.1,135803.0,201.0,1729496.0,2560.4,383297.0,567.4,1217580.0,1802.5,128619.0,190.4,,,
,Percent change,,-5.9,-6.2,-3.4,-3.7,,,-10.3,-10.6,-4.0,-4.3,-6.3,-6.6,-7.7,-8.0,-12.1,-12.4,-6.5,-6.8,-4.7,-5.1,,,
"East North Central5,6,7,8",2012.0,46566078.0,172143.0,369.7,2425.0,5.2,,,14918.0,32.0,56592.0,121.5,98208.0,210.9,1291164.0,2772.8,317592.0,682.0,880582.0,1891.0,92990.0,199.7,,,
,2013.0,46662180.0,160988.0,345.0,2309.0,4.9,18726.0,40.1,13648.0,29.2,54137.0,116.0,90894.0,194.8,1175272.0,2518.7,273270.0,585.6,815378.0,1747.4,86624.0,185.6,,,
,Percent change, ,-6.5,-6.7,-4.8,-5.0,,,-8.5,-8.7,-4.3,-4.5,-7.4,-7.6,-9.0,-9.2,-14.0,-14.1,-7.4,-7.6,-6.8,-7.0,,,
     Illinois6,2012.0,12868192.0,53556.0,416.2,770.0,6.0,,,3581.0,27.8,19480.0,151.4,29725.0,231.0,332706.0,2585.5,71100.0,552.5,235314.0,1828.6,26292.0,204.3,,,
,2013.0,12882135.0,47987.0,372.5,706.0,5.5,4263.0,33.1,3276.0,25.4,17722.0,137.6,26283.0,204.0,292983.0,2274.3,58237.0,452.1,213813.0,1659.8,20933.0,162.5,,,
,Percent change,,-10.4,-10.5,-8.3,-8.4,,,-8.5,-8.6,-9.0,-9.1,-11.6,-11.7,-11.9,-12.0,-18.1,-18.2,-9.1,-9.2,-20.4,-20.5,,,
     Indiana6,2012.0,6537782.0,22544.0,344.8,307.0,4.7,,,1661.0,25.4,6601.0,101.0,13975.0,213.8,197994.0,3028.5,47689.0,729.4,136668.0,2090.4,13637.0,208.6,,,
,2013.0,6570902.0,22991.0,349.9,355.0,5.4,2142.0,32.6,1646.0,25.0,7108.0,108.2,13882.0,211.3,187536.0,2854.0,42909.0,653.0,130423.0,1984.9,14204.0,216.2,,,
,Percent change,,2.0,1.5,15.6,15.1,,,-0.9,-1.4,7.7,7.1,-0.7,-1.2,-5.3,-5.8,-10.0,-10.5,-4.6,-5.1,4.2,3.6,,,
     Michigan7,2012.0,9882519.0,44962.0,455.0,701.0,7.1,,,4635.0,46.9,10423.0,105.5,29203.0,295.5,249249.0,2522.1,65560.0,663.4,158609.0,1604.9,25080.0,253.8,,,
,2013.0,9895622.0,42536.0,429.8,631.0,6.4,6593.0,66.6,4606.0,46.5,10105.0,102.1,27194.0,274.8,230334.0,2327.6,56344.0,569.4,149423.0,1510.0,24567.0,248.3,,,
,Percent change,,-5.4,-5.5,-10.0,-10.1,,,-0.6,-0.8,-3.1,-3.2,-6.9,-7.0,-7.6,-7.7,-14.1,-14.2,-5.8,-5.9,-2.0,-2.2,,,
     Ohio6,2012.0,11553031.0,34827.0,301.5,478.0,4.1,,,3813.0,33.0,15396.0,133.3,15140.0,131.0,370435.0,3206.4,105312.0,911.6,245372.0,2123.9,19751.0,171.0,,,
,2013.0,11570808.0,31904.0,275.7,455.0,3.9,4041.0,34.9,2824.0,24.4,14368.0,124.2,14257.0,123.2,338731.0,2927.5,91433.0,790.2,227766.0,1968.5,19532.0,168.8,,,
,Percent change,,-8.4,-8.5,-4.8,-5.0,,,-25.9,-26.1,-6.7,-6.8,-5.8,-6.0,-8.6,-8.7,-13.2,-13.3,-7.2,-7.3,-1.1,-1.3,,,
"     Wisconsin6,8",2012.0,5724554.0,16254.0,283.9,169.0,3.0,,,1228.0,21.5,4692.0,82.0,10165.0,177.6,140780.0,2459.2,27931.0,487.9,104619.0,1827.5,8230.0,143.8,,,
,2013.0,5742713.0,15570.0,271.1,162.0,2.8,1687.0,29.4,1296.0,22.6,4834.0,84.2,9278.0,161.6,125688.0,2188.7,24347.0,424.0,93953.0,1636.0,7388.0,128.6,,,
,Percent change,,-4.2,-4.5,-4.1,-4.4,,,5.5,5.2,3.0,2.7,-8.7,-9.0,-10.7,-11.0,-12.8,-13.1,-10.2,-10.5,-10.2,-10.5,,,
"West North Central5,6,7",2012.0,20755347.0,67293.0,324.2,723.0,3.5,,,6760.0,32.6,13124.0,63.2,46686.0,224.9,582214.0,2805.1,118417.0,570.5,421777.0,2032.1,42020.0,202.5,,,
,2013.0,20885710.0,64239.0,307.6,733.0,3.5,8203.0,39.3,5789.0,27.7,12808.0,61.3,44909.0,215.0,554224.0,2653.6,110027.0,526.8,402202.0,1925.7,41995.0,201.1,,,
,Percent change,  ,-4.5,-5.1,1.4,0.8,,,-14.4,-14.9,-2.4,-3.0,-3.8,-4.4,-4.8,-5.4,-7.1,-7.7,-4.6,-5.2,-0.1,-0.7,,,
     Iowa7,2012.0,3075039.0,8167.0,265.6,49.0,1.6,,,901.0,29.3,962.0,31.3,6255.0,203.4,70357.0,2288.0,17201.0,559.4,49116.0,1597.2,4040.0,131.4,,,
,2013.0,3090416.0,8062.0,260.9,43.0,1.4,1083.0,35.0,757.0,24.5,939.0,30.4,6323.0,204.6,67800.0,2193.9,15868.0,513.5,47686.0,1543.0,4246.0,137.4,,,
,Percent change,,-1.3,-1.8,-12.2,-12.7,,,-16.0,-16.4,-2.4,-2.9,1.1,0.6,-3.6,-4.1,-7.7,-8.2,-2.9,-3.4,5.1,4.6,,,
     Kansas6,2012.0,2885398.0,10292.0,356.7,85.0,2.9,,,1105.0,38.3,1493.0,51.7,7609.0,263.7,91066.0,3156.1,18874.0,654.1,65413.0,2267.0,6779.0,234.9,,,
,2013.0,2893957.0,9478.0,327.5,112.0,3.9,1195.0,41.3,835.0,28.9,1350.0,46.6,7181.0,248.1,85280.0,2946.8,17375.0,600.4,61264.0,2117.0,6641.0,229.5,,,
,Percent change,,-7.9,-8.2,31.8,31.4,,,-24.4,-24.7,-9.6,-9.8,-5.6,-5.9,-6.4,-6.6,-7.9,-8.2,-6.3,-6.6,-2.0,-2.3,,,
     Minnesota7,2012.0,5379646.0,12419.0,230.9,99.0,1.8,,,1638.0,30.4,3475.0,64.6,7207.0,134.0,138152.0,2568.1,25378.0,471.7,104316.0,1939.1,8458.0,157.2,,,
,2013.0,5420380.0,12100.0,223.2,114.0,2.1,2008.0,37.0,1403.0,25.9,3674.0,67.8,6909.0,127.5,131195.0,2420.4,22713.0,419.0,100516.0,1854.4,7966.0,147.0,,,
,Percent change,,-2.6,-3.3,15.2,14.3,,,-14.3,-15.0,5.7,4.9,-4.1,-4.9,-5.0,-5.7,-10.5,-11.2,-3.6,-4.4,-5.8,-6.5,,,
     Missouri7,2012.0,6024522.0,27189.0,451.3,390.0,6.5,,,1527.0,25.3,5782.0,96.0,19490.0,323.5,199813.0,3316.7,42510.0,705.6,140971.0,2340.0,16332.0,271.1,,,
,2013.0,6044171.0,25509.0,422.0,371.0,6.1,2287.0,37.8,1599.0,26.5,5484.0,90.7,18055.0,298.7,189606.0,3137.0,38865.0,643.0,134416.0,2223.9,16325.0,270.1,,,
,Percent change,,-6.2,-6.5,-4.9,-5.2,,,4.7,4.4,-5.2,-5.5,-7.4,-7.7,-5.1,-5.4,-8.6,-8.9,-4.6,-5.0,*,-0.4,,,
     Nebraska6,2012.0,1855350.0,4802.0,258.8,52.0,2.8,,,710.0,38.3,1128.0,60.8,2912.0,157.0,51203.0,2759.7,8745.0,471.3,38301.0,2064.4,4157.0,224.1,,,
,2013.0,1868516.0,4712.0,252.2,57.0,3.1,801.0,42.9,616.0,33.0,1040.0,55.7,2999.0,160.5,49018.0,2623.4,8900.0,476.3,35655.0,1908.2,4463.0,238.9,,,
,Percent change, ,-1.9,-2.6,9.6,8.8,,,-13.2,-13.9,-7.8,-8.5,3.0,2.3,-4.3,-4.9,1.8,1.1,-6.9,-7.6,7.4,6.6,,,
     North Dakota7,2012.0,701345.0,1723.0,245.7,25.0,3.6,,,279.0,39.8,127.0,18.1,1292.0,184.2,14297.0,2038.5,2429.0,346.3,10687.0,1523.8,1181.0,168.4,,,
,2013.0,723393.0,1854.0,256.3,16.0,2.2,330.0,45.6,230.0,31.8,162.0,22.4,1446.0,199.9,15148.0,2094.0,2934.0,405.6,10798.0,1492.7,1416.0,195.7,,,
,Percent change,,7.6,4.3,-36.0,-38.0,,,-17.6,-20.1,27.6,23.7,11.9,8.5,6.0,2.7,20.8,17.1,1.0,-2.0,19.9,16.2,,,
     South Dakota7,2012.0,834047.0,2701.0,323.8,23.0,2.8,,,600.0,71.9,157.0,18.8,1921.0,230.3,17326.0,2077.3,3280.0,393.3,12973.0,1555.4,1073.0,128.6,,,
,2013.0,844877.0,2524.0,298.7,20.0,2.4,499.0,59.1,349.0,41.3,159.0,18.8,1996.0,236.2,16177.0,1914.7,3372.0,399.1,11867.0,1404.6,938.0,111.0,,,
,Percent change,,-6.6,-7.8,-13.0,-14.2,,,-41.8,-42.6,1.3,*,3.9,2.6,-6.6,-7.8,2.8,1.5,-8.5,-9.7,-12.6,-13.7,,,
"South5,6,7,9",2012.0,117253992.0,497113.0,424.0,6499.0,5.5,,,31940.0,27.2,131951.0,112.5,326723.0,278.6,3791837.0,3233.9,948407.0,808.8,2592195.0,2210.8,251235.0,214.3,,,
,2013.0,118383453.0,477640.0,403.5,6222.0,5.3,41028.0,34.7,30128.0,25.4,129825.0,109.7,311465.0,263.1,3663780.0,3094.8,871095.0,735.8,2550709.0,2154.6,241976.0,204.4,,,
,Percent change, ,-3.9,-4.8,-4.3,-5.2,,,-5.7,-6.6,-1.6,-2.5,-4.7,-5.6,-3.4,-4.3,-8.2,-9.0,-1.6,-2.5,-3.7,-4.6,,,
"South Atlantic5,7,9",2012.0,61186832.0,255319.0,417.3,3312.0,5.4,,,14741.0,24.1,71555.0,116.9,165711.0,270.8,1928811.0,3152.3,470928.0,769.7,1330920.0,2175.2,126963.0,207.5,,,
,2013.0,61783647.0,244019.0,395.0,3194.0,5.2,19104.0,30.9,13801.0,22.3,69577.0,112.6,157447.0,254.8,1849711.0,2993.9,430544.0,696.9,1301807.0,2107.0,117360.0,190.0,,,
,Percent change,,-4.4,-5.3,-3.6,-4.5,,,-6.4,-7.3,-2.8,-3.7,-5.0,-5.9,-4.1,-5.0,-8.6,-9.5,-2.2,-3.1,-7.6,-8.5,,,
     Delaware7,2012.0,917053.0,5048.0,550.5,56.0,6.1,,,249.0,27.2,1498.0,163.3,3245.0,353.9,30707.0,3348.4,7389.0,805.7,21880.0,2385.9,1438.0,156.8,,,
,2013.0,925749.0,4435.0,479.1,39.0,4.2,380.0,41.0,266.0,28.7,1226.0,132.4,2904.0,313.7,28379.0,3065.5,6131.0,662.3,20916.0,2259.4,1332.0,143.9,,,
,Percent change,,-12.1,-13.0,-30.4,-31.0,,,6.8,5.8,-18.2,-18.9,-10.5,-11.3,-7.6,-8.4,-17.0,-17.8,-4.4,-5.3,-7.4,-8.2,,,
"     District of Columbia7,9",2012.0,633427.0,7866.0,1241.8,88.0,13.9,,,236.0,37.3,4037.0,637.3,3505.0,553.3,30757.0,4855.7,3519.0,555.5,23575.0,3721.8,3663.0,578.3,,,
,2013.0,646449.0,8287.0,1281.9,103.0,15.9,395.0,61.1,276.0,42.7,4078.0,630.8,3830.0,592.5,31083.0,4808.3,3316.0,513.0,24533.0,3795.0,3234.0,500.3,,,
,Percent change,,5.4,3.2,17.0,14.7,,,16.9,14.6,1.0,-1.0,9.3,7.1,1.1,-1.0,-5.8,-7.7,4.1,2.0,-11.7,-13.5,,,
     Florida7,2012.0,19320749.0,94087.0,487.0,1009.0,5.2,,,5260.0,27.2,23889.0,123.6,63929.0,330.9,632988.0,3276.2,153563.0,794.8,442095.0,2288.2,37330.0,193.2,,,
,2013.0,19552860.0,89948.0,460.0,972.0,5.0,6760.0,34.6,4722.0,24.1,23200.0,118.7,61054.0,312.3,607172.0,3105.3,138916.0,710.5,433344.0,2216.3,34912.0,178.6,,,
,Percent change,,-4.4,-5.5,-3.7,-4.8,,,-10.2,-11.3,-2.9,-4.0,-4.5,-5.6,-4.1,-5.2,-9.5,-10.6,-2.0,-3.1,-6.5,-7.6,,,
     Georgia,2012.0,9915646.0,37675.0,380.0,583.0,5.9,,,2143.0,21.6,12502.0,126.1,22447.0,226.4,339473.0,3423.6,86992.0,877.3,223875.0,2257.8,28606.0,288.5,,,
,2013.0,9992167.0,35943.0,359.7,556.0,5.6,2582.0,25.8,1984.0,19.9,12488.0,125.0,20915.0,209.3,334399.0,3346.6,82258.0,823.2,225315.0,2254.9,26826.0,268.5,,,
,Percent change, ,-4.6,-5.3,-4.6,-5.4,,,-7.4,-8.1,-0.1,-0.9,-6.8,-7.5,-1.5,-2.2,-5.4,-6.2,0.6,-0.1,-6.2,-6.9,,,
     Maryland,2012.0,5884868.0,28086.0,477.3,373.0,6.3,,,1237.0,21.0,10173.0,172.9,16303.0,277.0,162309.0,2758.1,33803.0,574.4,113550.0,1929.5,14956.0,254.1,,,
,2013.0,5928814.0,27734.0,467.8,381.0,6.4,1532.0,25.8,1177.0,19.9,10048.0,169.5,16128.0,272.0,157913.0,2663.5,31949.0,538.9,112546.0,1898.3,13418.0,226.3,,,
,Percent change,,-1.3,-2.0,2.1,1.4,,,-4.9,-5.6,-1.2,-2.0,-1.1,-1.8,-2.7,-3.4,-5.5,-6.2,-0.9,-1.6,-10.3,-10.9,,,
     North Carolina,2012.0,9748364.0,34464.0,353.5,479.0,4.9,,,1984.0,20.4,9392.0,96.3,22609.0,231.9,328594.0,3370.8,99323.0,1018.9,213151.0,2186.5,16120.0,165.4,,,
,2013.0,9848060.0,33152.0,336.6,469.0,4.8,2369.0,24.1,1821.0,18.5,9349.0,94.9,21513.0,218.4,308049.0,3128.0,90702.0,921.0,202741.0,2058.7,14606.0,148.3,,,
,Percent change,,-3.8,-4.8,-2.1,-3.1,,,-8.2,-9.1,-0.5,-1.5,-4.8,-5.8,-6.3,-7.2,-8.7,-9.6,-4.9,-5.8,-9.4,-10.3,,,
     South Carolina7,2012.0,4723417.0,26474.0,560.5,332.0,7.0,,,1712.0,36.2,4511.0,95.5,19919.0,421.7,181049.0,3833.0,45222.0,957.4,122340.0,2590.1,13487.0,285.5,,,
,2013.0,4774839.0,23625.0,494.8,297.0,6.2,2171.0,45.5,1518.0,31.8,3972.0,83.2,17838.0,373.6,173049.0,3624.2,40958.0,857.8,119511.0,2502.9,12580.0,263.5,,,
,Percent change,,-10.8,-11.7,-10.5,-11.5,,,-11.3,-12.3,-11.9,-12.9,-10.4,-11.4,-4.4,-5.4,-9.4,-10.4,-2.3,-3.4,-6.7,-7.7,,,
     Virginia7,2012.0,8186628.0,15676.0,191.5,322.0,3.9,,,1505.0,18.4,4718.0,57.6,9131.0,111.5,178434.0,2179.6,29651.0,362.2,139654.0,1705.9,9129.0,111.5,,,
,2013.0,8260405.0,15524.0,187.9,316.0,3.8,2262.0,27.4,1581.0,19.1,4565.0,55.3,9062.0,109.7,170654.0,2065.9,26640.0,322.5,135478.0,1640.1,8536.0,103.3,,,
,Percent change,,-1.0,-1.9,-1.9,-2.7,,,5.0,4.1,-3.2,-4.1,-0.8,-1.6,-4.4,-5.2,-10.2,-11.0,-3.0,-3.9,-6.5,-7.3,,,
     West Virginia7,2012.0,1856680.0,5943.0,320.1,70.0,3.8,,,415.0,22.4,835.0,45.0,4623.0,249.0,44500.0,2396.8,11466.0,617.6,30800.0,1658.9,2234.0,120.3,,,
,2013.0,1854304.0,5371.0,289.7,61.0,3.3,653.0,35.2,456.0,24.6,651.0,35.1,4203.0,226.7,39013.0,2103.9,9674.0,521.7,27423.0,1478.9,1916.0,103.3,,,
,Percent change,,-9.6,-9.5,-12.9,-12.7,,,9.9,10.0,-22.0,-21.9,-9.1,-9.0,-12.3,-12.2,-15.6,-15.5,-11.0,-10.9,-14.2,-14.1,,,
"East South Central5,6,7",2012.0,18638622.0,80527.0,432.0,1156.0,6.2,,,5474.0,29.4,18995.0,101.9,54902.0,294.6,583536.0,3130.8,161673.0,867.4,387973.0,2081.6,33890.0,181.8,,,
,2013.0,18716202.0,74601.0,398.6,1037.0,5.5,6936.0,37.1,4911.0,26.2,17610.0,94.1,51043.0,272.7,553979.0,2959.9,144636.0,772.8,376524.0,2011.8,32819.0,175.4,,,
,Percent change,,-7.4,-7.7,-10.3,-10.7,,,-10.3,-10.7,-7.3,-7.7,-7.0,-7.4,-5.1,-5.5,-10.5,-10.9,-3.0,-3.4,-3.2,-3.6,,,
     Alabama7,2012.0,4817528.0,21693.0,450.3,342.0,7.1,,,1296.0,26.9,5020.0,104.2,15035.0,312.1,168878.0,3505.5,47481.0,985.6,111523.0,2314.9,9874.0,205.0,,,
,2013.0,4833722.0,20210.0,418.1,347.0,7.2,2044.0,42.3,1428.0,29.5,4648.0,96.2,13787.0,285.2,161993.0,3351.3,42429.0,877.8,108993.0,2254.8,10571.0,218.7,,,
,Percent change,,-6.8,-7.1,1.5,1.1,,,10.2,9.8,-7.4,-7.7,-8.3,-8.6,-4.1,-4.4,-10.6,-10.9,-2.3,-2.6,7.1,6.7,,,
     Kentucky6,2012.0,4379730.0,9852.0,224.9,201.0,4.6,,,1312.0,30.0,3547.0,81.0,4792.0,109.4,112800.0,2575.5,29877.0,682.2,76199.0,1739.8,6724.0,153.5, ,,
,2013.0,4395295.0,8737.0,198.8,167.0,3.8,1611.0,36.7,1126.0,25.6,3246.0,73.9,4198.0,95.5,103857.0,2362.9,26213.0,596.4,71612.0,1629.3,6032.0,137.2,,,
,Percent change,,-11.3,-11.6,-16.9,-17.2,,,-14.2,-14.5,-8.5,-8.8,-12.4,-12.7,-7.9,-8.3,-12.3,-12.6,-6.0,-6.4,-10.3,-10.6,,,
     Mississippi6,2012.0,2986450.0,7769.0,260.1,213.0,7.1,,,819.0,27.4,2277.0,76.2,4460.0,149.3,83933.0,2810.5,28084.0,940.4,51520.0,1725.1,4329.0,145.0,,,
,2013.0,2991207.0,7999.0,267.4,195.0,6.5,930.0,31.1,715.0,23.9,2409.0,80.5,4680.0,156.5,81500.0,2724.7,24995.0,835.6,52117.0,1742.3,4388.0,146.7,,,
,Percent change,,3.0,2.8,-8.5,-8.6,,,-12.7,-12.8,5.8,5.6,4.9,4.8,-2.9,-3.1,-11.0,-11.1,1.2,1.0,1.4,1.2,,,
     Tennessee7,2012.0,6454914.0,41213.0,638.5,400.0,6.2,,,2047.0,31.7,8151.0,126.3,30615.0,474.3,217925.0,3376.1,56231.0,871.1,148731.0,2304.2,12963.0,200.8,,,
,2013.0,6495978.0,37655.0,579.7,328.0,5.0,2351.0,36.2,1642.0,25.3,7307.0,112.5,28378.0,436.9,206629.0,3180.9,50999.0,785.1,143802.0,2213.7,11828.0,182.1,,,
,Percent change,,-8.6,-9.2,-18.0,-18.5,,,-19.8,-20.3,-10.4,-10.9,-7.3,-7.9,-5.2,-5.8,-9.3,-9.9,-3.3,-3.9,-8.8,-9.3,,,
"West South Central5,6,7",2012.0,37428538.0,161267.0,430.9,2031.0,5.4,,,11725.0,31.3,41401.0,110.6,106110.0,283.5,1279490.0,3418.5,315806.0,843.8,873302.0,2333.3,90382.0,241.5,,,
,2013.0,37883604.0,159020.0,419.8,1991.0,5.3,14988.0,39.6,11416.0,30.1,42638.0,112.6,102975.0,271.8,1260090.0,3326.2,295915.0,781.1,872378.0,2302.8,91797.0,242.3,,,
,Percent change,,-1.4,-2.6,-2.0,-3.1,,,-2.6,-3.8,3.0,1.8,-3.0,-4.1,-1.5,-2.7,-6.3,-7.4,-0.1,-1.3,1.6,0.3,,,
     Arkansas7,2012.0,2949828.0,13851.0,469.6,174.0,5.9,,,1233.0,41.8,2310.0,78.3,10134.0,343.5,109389.0,3708.3,32673.0,1107.6,70982.0,2406.3,5734.0,194.4,,,
,2013.0,2959373.0,13191.0,445.7,159.0,5.4,1423.0,48.1,993.0,33.6,2258.0,76.3,9781.0,330.5,106613.0,3602.6,30485.0,1030.1,70450.0,2380.6,5678.0,191.9,,,
,Percent change,,-4.8,-5.1,-8.6,-8.9,,,-19.5,-19.7,-2.3,-2.6,-3.5,-3.8,-2.5,-2.9,-6.7,-7.0,-0.7,-1.1,-1.0,-1.3,,,
     Louisiana6,2012.0,4602134.0,22839.0,496.3,489.0,10.6,,,1155.0,25.1,5458.0,118.6,15737.0,342.0,162673.0,3534.7,42037.0,913.4,112764.0,2450.3,7872.0,171.1,,,
,2013.0,4625470.0,23609.0,510.4,498.0,10.8,1619.0,35.0,1244.0,26.9,5548.0,119.9,16319.0,352.8,165686.0,3582.0,41184.0,890.4,115342.0,2493.6,9160.0,198.0,,,
,Percent change,,3.4,2.8,1.8,1.3,,,7.7,7.2,1.6,1.1,3.7,3.2,1.9,1.3,-2.0,-2.5,2.3,1.8,16.4,15.8,,,
     Oklahoma6,2012.0,3815780.0,18102.0,474.4,220.0,5.8,,,1622.0,42.5,3248.0,85.1,13012.0,341.0,130969.0,3432.3,36094.0,945.9,83131.0,2178.6,11744.0,307.8,,,
,2013.0,3850568.0,16484.0,428.1,195.0,5.1,2180.0,56.6,1675.0,43.5,3031.0,78.7,11583.0,300.8,126057.0,3273.7,33348.0,866.1,81495.0,2116.4,11214.0,291.2,,,
,Percent change,,-8.9,-9.8,-11.4,-12.2,,,3.3,2.3,-6.7,-7.5,-11.0,-11.8,-3.8,-4.6,-7.6,-8.4,-2.0,-2.9,-4.5,-5.4,,,
     Texas6,2012.0,26060796.0,106475.0,408.6,1148.0,4.4,,,7715.0,29.6,30385.0,116.6,67227.0,258.0,876459.0,3363.1,205002.0,786.6,606425.0,2327.0,65032.0,249.5,,,
,2013.0,26448193.0,105736.0,399.8,1139.0,4.3,9766.0,36.9,7504.0,28.4,31801.0,120.2,65292.0,246.9,861734.0,3258.2,190898.0,721.8,605091.0,2287.8,65745.0,248.6,,,
,Percent change,,-0.7,-2.1,-0.8,-2.2,,,-2.7,-4.2,4.7,3.1,-2.9,-4.3,-1.7,-3.1,-6.9,-8.2,-0.2,-1.7,1.1,-0.4,,,
"West5,6,7,8",2012.0,73526476.0,284627.0,387.1,3118.0,4.2,,,20416.0,27.8,85647.0,116.5,175446.0,238.6,2174808.0,2957.9,488755.0,664.7,1418883.0,1929.8,267170.0,363.4,,,
,2013.0,74254423.0,272815.0,367.4,2979.0,4.0,27032.0,36.4,20151.0,27.1,82199.0,110.7,167486.0,225.6,2142527.0,2885.4,465758.0,627.2,1410534.0,1899.6,266235.0,358.5,,,
,Percent change,,-4.1,-5.1,-4.5,-5.4,,,-1.3,-2.3,-4.0,-5.0,-4.5,-5.5,-1.5,-2.5,-4.7,-5.6,-0.6,-1.6,-0.3,-1.3,,,
"Mountain5,6,7.8",2012.0,22611082.0,85702.0,379.0,875.0,3.9,,,8308.0,36.7,19151.0,84.7,57368.0,253.7,681093.0,3012.2,148958.0,658.8,475875.0,2104.6,56260.0,248.8,,,
,2013.0,22881245.0,84139.0,367.7,938.0,4.1,11541.0,50.4,8491.0,37.1,18588.0,81.2,56122.0,245.3,676136.0,2955.0,144129.0,629.9,474704.0,2074.6,57303.0,250.4,,,
,Percent change,,-1.8,-3.0,7.2,5.9,,,2.2,1.0,-2.9,-4.1,-2.2,-3.3,-0.7,-1.9,-3.2,-4.4,-0.2,-1.4,1.9,0.7,,,
"     Arizona6,8",2012.0,6551149.0,28077.0,428.6,358.0,5.5,,,2282.0,34.8,7383.0,112.7,18054.0,275.6,231701.0,3536.8,52911.0,807.7,159808.0,2439.4,18982.0,289.8,,,
,2013.0,6626624.0,26892.0,405.8,357.0,5.4,3050.0,46.0,2343.0,35.4,6702.0,101.1,17490.0,263.9,225243.0,3399.1,48533.0,732.4,159272.0,2403.5,17438.0,263.2,,,
,Percent change,,-4.2,-5.3,-0.3,-1.4,,,2.7,1.5,-9.2,-10.3,-3.1,-4.2,-2.8,-3.9,-8.3,-9.3,-0.3,-1.5,-8.1,-9.2,,,
     Colorado7,2012.0,5189458.0,15951.0,307.4,152.0,2.9,,,2122.0,40.9,3392.0,65.4,10285.0,198.2,139355.0,2685.3,26163.0,504.2,101091.0,1948.0,12101.0,233.2,,,
,2013.0,5268367.0,15342.0,291.2,178.0,3.4,2934.0,55.7,2050.0,38.9,3151.0,59.8,9963.0,189.1,140057.0,2658.5,25081.0,476.1,102443.0,1944.5,12533.0,237.9,,,
,Percent change,,-3.8,-5.3,17.1,15.4,,,-3.4,-4.8,-7.1,-8.5,-3.1,-4.6,0.5,-1.0,-4.1,-5.6,1.3,-0.2,3.6,2.0,,,
     Idaho7,2012.0,1595590.0,3348.0,209.8,30.0,1.9,,,495.0,31.0,243.0,15.2,2580.0,161.7,31825.0,1994.6,7240.0,453.8,23203.0,1454.2,1382.0,86.6,,,
,2013.0,1612136.0,3300.0,204.7,27.0,1.7,655.0,40.6,457.0,28.3,220.0,13.6,2596.0,161.0,30055.0,1864.3,6640.0,411.9,21879.0,1357.1,1536.0,95.3,,,
,Percent change,,-1.4,-2.4,-10.0,-10.9,,,-7.7,-8.6,-9.5,-10.4,0.6,-0.4,-5.6,-6.5,-8.3,-9.2,-5.7,-6.7,11.1,10.0,,,
     Montana7,2012.0,1005494.0,2803.0,278.8,29.0,2.9,,,392.0,39.0,202.0,20.1,2180.0,216.8,26102.0,2595.9,3920.0,389.9,20484.0,2037.2,1698.0,168.9,,,
,2013.0,1015165.0,2444.0,240.7,22.0,2.2,410.0,40.4,287.0,28.3,204.0,20.1,1931.0,190.2,25953.0,2556.5,4064.0,400.3,20039.0,1974.0,1850.0,182.2,,,
,Percent change,,-12.8,-13.6,-24.1,-24.9,,,-26.8,-27.5,1.0,*,-11.4,-12.3,-0.6,-1.5,3.7,2.7,-2.2,-3.1,9.0,7.9,,,
     Nevada,2012.0,2754354.0,16763.0,608.6,124.0,4.5,,,931.0,33.8,4918.0,178.6,10790.0,391.7,77510.0,2814.1,22120.0,803.1,45372.0,1647.3,10018.0,363.7,,,
,2013.0,2790136.0,16496.0,591.2,163.0,5.8,1418.0,50.8,1090.0,39.1,5183.0,185.8,10060.0,360.6,79177.0,2837.7,23047.0,826.0,46132.0,1653.4,9998.0,358.3,,,
,Percent change,,-1.6,-2.9,31.5,29.8,,,17.1,15.6,5.4,4.0,-6.8,-8.0,2.2,0.8,4.2,2.9,1.7,0.4,-0.2,-1.5,,,
     New Mexico,2012.0,2083540.0,11660.0,559.6,116.0,5.6,,,957.0,45.9,1847.0,88.6,8740.0,419.5,75094.0,3604.2,21384.0,1026.3,48247.0,2315.6,5463.0,262.2,,,
,2013.0,2085287.0,12443.0,596.7,125.0,6.0,1465.0,70.3,1126.0,54.0,1810.0,86.8,9382.0,449.9,77256.0,3704.8,21476.0,1029.9,49875.0,2391.8,5905.0,283.2,,,
,Percent change,,6.7,6.6,7.8,7.7,,,17.7,17.6,-2.0,-2.1,7.3,7.3,2.9,2.8,0.4,0.3,3.4,3.3,8.1,8.0,,,
     Utah6,2012.0,2854871.0,5939.0,208.0,52.0,1.8,,,975.0,34.2,1105.0,38.7,3807.0,133.4,86284.0,3022.3,13095.0,458.7,67157.0,2352.4,6032.0,211.3,,,
,2013.0,2900872.0,6070.0,209.2,49.0,1.7,1422.0,49.0,994.0,34.3,1243.0,42.8,3784.0,130.4,85586.0,2950.4,13333.0,459.6,64788.0,2233.4,7465.0,257.3,,,
,Percent change,,2.2,0.6,-5.8,-7.3,,,1.9,0.3,12.5,10.7,-0.6,-2.2,-0.8,-2.4,1.8,0.2,-3.5,-5.1,23.8,21.8,,,
     Wyoming,2012.0,576626.0,1161.0,201.3,14.0,2.4,-100.0,,154.0,26.7,61.0,10.6,932.0,161.6,13222.0,2293.0,2125.0,368.5,10513.0,1823.2,584.0,101.3,, ,
,2013.0,582658.0,1152.0,197.7,17.0,2.9,187.0,32.1,144.0,24.7,75.0,12.9,916.0,157.2,12809.0,2198.4,1955.0,335.5,10276.0,1763.6,578.0,99.2,,,
,Percent change,,-0.8,-1.8,21.4,20.2,,,-6.5,-7.5,23.0,21.7,-1.7,-2.7,-3.1,-4.1,-8.0,-9.0,-2.3,-3.3,-1.0,-2.1,,,
"Pacific5,6,7,8",2012.0,50915394.0,198925.0,390.7,2243.0,4.4,,,12108.0,23.8,66496.0,130.6,118078.0,231.9,1493715.0,2933.7,339797.0,667.4,943008.0,1852.1,210910.0,414.2,,,
,2013.0,51373178.0,188676.0,367.3,2041.0,4.0,15491.0,30.2,11660.0,22.7,63611.0,123.8,111364.0,216.8,1466391.0,2854.4,321629.0,626.1,935830.0,1821.6,208932.0,406.7,, ,
,Percent change,,-5.2,-6.0,-9.0,-9.8,,,-3.7,-4.6,-4.3,-5.2,-5.7,-6.5,-1.8,-2.7,-5.3,-6.2,-0.8,-1.6,-0.9,-1.8,,,
     Alaska7,2012.0,730307.0,4412.0,604.1,30.0,4.1,, ,583.0,79.8,630.0,86.3,3169.0,433.9,20037.0,2743.6,2950.0,403.9,15565.0,2131.3,1522.0,208.4,,,
,2013.0,735132.0,4430.0,602.6,34.0,4.6,922.0,125.4,644.0,87.6,624.0,84.9,3128.0,425.5,21210.0,2885.2,2916.0,396.7,16599.0,2258.0,1695.0,230.6,,,
,Percent change, ,0.4,-0.3,13.3,12.6,,,10.5,9.7,-1.0,-1.6,-1.3,-1.9,5.9,5.2,-1.2,-1.8,6.6,5.9,11.4,10.6,,,
     California,2012.0,37999878.0,160944.0,423.5,1884.0,5.0,,,7837.0,20.6,56521.0,148.7,94702.0,249.2,1049465.0,2761.8,245767.0,646.8,635090.0,1671.3,168608.0,443.7,,,
,2013.0,38332521.0,151879.0,396.2,1746.0,4.6,9714.0,25.3,7464.0,19.5,53640.0,139.9,89029.0,232.3,1018907.0,2658.1,232058.0,605.4,621557.0,1621.5,165292.0,431.2,,,
,Percent change,,-5.6,-6.5,-7.3,-8.1,,,-4.8,-5.6,-5.1,-5.9,-6.0,-6.8,-2.9,-3.8,-5.6,-6.4,-2.1,-3.0,-2.0,-2.8,,,
     Hawaii,2012.0,1390090.0,3378.0,243.0,21.0,1.5,,,279.0,20.1,1125.0,80.9,1953.0,140.5,43419.0,3123.5,7653.0,550.5,31901.0,2294.9,3865.0,278.0,,,
,2013.0,1404054.0,3444.0,245.3,21.0,1.5,385.0,27.4,296.0,21.1,1131.0,80.6,1996.0,142.2,42875.0,3053.7,7533.0,536.5,31658.0,2254.8,3684.0,262.4,,,
,Percent change,,2.0,0.9,*,-1.0,,,6.1,5.0,0.5,-0.5,2.2,1.2,-1.3,-2.2,-1.6,-2.5,-0.8,-1.7,-4.7,-5.6,,,
     Oregon6,2012.0,3899801.0,9638.0,247.1,91.0,2.3,,,1159.0,29.7,2419.0,62.0,5969.0,153.1,126417.0,3241.6,22051.0,565.4,94114.0,2413.3,10252.0,262.9,,,
,2013.0,3930065.0,9546.0,242.9,80.0,2.0,1897.0,48.3,1459.0,37.1,2397.0,61.0,5610.0,142.7,124737.0,3173.9,20769.0,528.5,94106.0,2394.5,9862.0,250.9,,,
,Percent change,,-1.0,-1.7,-12.1,-12.8,,,25.9,24.9,-0.9,-1.7,-6.0,-6.7,-1.3,-2.1,-5.8,-6.5,*,-0.8,-3.8,-4.5,,,
"     Washington6,8",2012.0,6895318.0,20553.0,298.1,217.0,3.1,,,2250.0,32.6,5801.0,84.1,12285.0,178.2,254377.0,3689.1,61376.0,890.1,166338.0,2412.3,26663.0,386.7,,,
,2013.0,6971406.0,19377.0,277.9,160.0,2.3,2573.0,36.9,1797.0,25.8,5819.0,83.5,11601.0,166.4,258662.0,3710.3,58353.0,837.0,171910.0,2465.9,28399.0,407.4,,,
,Percent change,,-5.7,-6.8,-26.3,-27.1,,,-20.1,-21.0,0.3,-0.8,-5.6,-6.6,1.7,0.6,-4.9,-6.0,3.3,2.2,6.5,5.3,,,
Puerto Rico ,2012.0,3651545.0,10041.0,275.0,978.0,26.8,,,32.0,0.9,6298.0,172.5,2733.0,74.8,51679.0,1415.3,15287.0,418.6,30545.0,836.5,5847.0,160.1,,,
,2013.0,3615086.0,9320.0,257.8,883.0,24.4,34.0,0.9,26.0,0.7,6016.0,166.4,2395.0,66.3,48851.0,1351.3,13961.0,386.2,29360.0,812.2,5530.0,153.0,,,
,Percent change, ,-7.2,-6.2,-9.7,-8.8,,,-18.8,-17.9,-4.5,-3.5,-12.4,-11.5,-5.5,-4.5,-8.7,-7.8,-3.9,-2.9,-5.4,-4.5,,,
"1 Population figures are U.S. Census Bureau provisional estimates as of July 1, 2013.",,,,,,,,,,,,,,,,,,,,,,,,,
"2 The violent crime figures include the offenses of murder, rape (legacy definition), robbery, and aggravated assault.",,,,,,,,,,,,,,,,,,,,,,,,,
3 The figures shown in this column for the offense of rape were estimated using the revised Uniform Crime Reporting (UCR) definition of rape.  See data declaration for further explanation.,,,,,,,,,,,,,,,,,,,,,,,,,
4 The figures shown in this column for the offense of rape were estimated using the legacy UCR definition of rape.  See data declaration for further explanation.,,,,,,,,,,,,,,,,,,,,,,,,,
5 The crime figures have been adjusted.,,,,,,,,,,,,,,,,,,,,,,,,,
6 Agencies within this state submitted rape data according to both the revised UCR definition of rape and the legacy UCR definition of rape.  ,,,,,,,,,,,,,,,,,,,,,,,,,
7 This state's agencies submitted rape data according to the revised UCR definition of rape.  ,,,,,,,,,,,,,,,,,,,,,,,,,
"8 Because of changes in the state/local agency's reporting practices, figures are not comparable to previous years' data.",,,,,,,,,,,,,,,,,,,,,,,,,
9 Includes offenses reported by the Zoological Police and the Metro Transit Police.,,,,,,,,,,,,,,,,,,,,,,,,,
* Less than one-tenth of 1 percent.,,,,,,,,,,,,,,,,,,,,,,,,,
"NOTE:  Although arson data are included in the trend and clearance tables, sufficient data are not available to estimate totals for this offense.  Therefore, no arson data are published in this table.",,,,,,,,,,,,,,,,,,,,,,,,,
